traceId,traceTime,startTime,endTime,parentId,childId,childOperation,parentOperation,childMS,childPod,parentMS,parentPod,parentDuration,childDuration
04298d2114b057b0,1755696821359000,1755696821359413,1755696821375069,04298d2114b057b0,c12d34aca62923da,/contacts/findContacts,/contacts/findContacts,ts-ui-dashboard,ts-ui-dashboard-77c9897449-dfqhg,ts-ui-dashboard,ts-ui-dashboard-77c9897449-dfqhg,16070,15656
059a6e676120efba,1755696825667000,1755696825669000,1755696825672596,36772b44b39987ca,e61105d844c3b4de,GET,preserve,ts-preserve-service,ts-preserve-service-58dc5685c9-9rqpf,ts-preserve-service,ts-preserve-service-58dc5685c9-9rqpf,5010,3596
059a6e676120efba,1755696825667000,1755696825668000,1755696825673010,2f68f9470b603620,36772b44b39987ca,preserve,/preserve,ts-preserve-service,ts-preserve-service-58dc5685c9-9rqpf,ts-ui-dashboard,ts-ui-dashboard-77c9897449-dfqhg,5770,5010
059a6e676120efba,1755696825667000,1755696825667980,1755696825673750,059a6e676120efba,2f68f9470b603620,/preserve,/preserve,ts-ui-dashboard,ts-ui-dashboard-77c9897449-dfqhg,ts-ui-dashboard,ts-ui-dashboard-77c9897449-dfqhg,6750,5770
065c13e859f81723,1755696851272000,1755696851272420,1755696851288094,065c13e859f81723,4b38f7c55ae9037d,/contacts/findContacts,/contacts/findContacts,ts-ui-dashboard,ts-ui-dashboard-77c9897449-dfqhg,ts-ui-dashboard,ts-ui-dashboard-77c9897449-dfqhg,16095,15674
081e61a435eaee45,1755696821865000,1755696821865712,1755696821869576,081e61a435eaee45,710fb3d4e9c5e161,/contacts/findContacts,/contacts/findContacts,ts-ui-dashboard,ts-ui-dashboard-77c9897449-dfqhg,ts-ui-dashboard,ts-ui-dashboard-77c9897449-dfqhg,4576,3864
08d48c2926f54c9a,1755696819124000,1755696819124723,1755696819128799,08d48c2926f54c9a,c0121c5291224eb8,/contacts/findContacts,/contacts/findContacts,ts-ui-dashboard,ts-ui-dashboard-77c9897449-dfqhg,ts-ui-dashboard,ts-ui-dashboard-77c9897449-dfqhg,4800,4076
097924cdee234e0b,1755696835671000,1755696835635000,1755696835637350,e64565c19cadb5a6,7fc692128e5ee0ee,getAllAssuranceType,/assurance/getAllAssuranceType,ts-assurance-service,ts-assurance-service-7fddbc8887-nj5rg,ts-ui-dashboard,ts-ui-dashboard-77c9897449-dfqhg,5183,2350
097924cdee234e0b,1755696835671000,1755696835671302,1755696835676485,097924cdee234e0b,e64565c19cadb5a6,/assurance/getAllAssuranceType,/assurance/getAllAssuranceType,ts-ui-dashboard,ts-ui-dashboard-77c9897449-dfqhg,ts-ui-dashboard,ts-ui-dashboard-77c9897449-dfqhg,5486,5183
0b83789646ad44a3,1755696833340000,1755696833341000,1755696833343333,20f69f2f5e3a440e,4216342e83569bac,GET,preserve,ts-preserve-service,ts-preserve-service-58dc5685c9-9rqpf,ts-preserve-service,ts-preserve-service-58dc5685c9-9rqpf,3544,2333
0b83789646ad44a3,1755696833340000,1755696833341000,1755696833344544,c0127f777135f7d5,20f69f2f5e3a440e,preserve,/preserve,ts-preserve-service,ts-preserve-service-58dc5685c9-9rqpf,ts-ui-dashboard,ts-ui-dashboard-77c9897449-dfqhg,4182,3544
0b83789646ad44a3,1755696833340000,1755696833340625,1755696833344807,0b83789646ad44a3,c0127f777135f7d5,/preserve,/preserve,ts-ui-dashboard,ts-ui-dashboard-77c9897449-dfqhg,ts-ui-dashboard,ts-ui-dashboard-77c9897449-dfqhg,4807,4182
0f6b22f4d5a948ce,1755696844547000,1755696844510000,1755696844510758,9fdd23df23949ac4,dc8e2edc2b9302dc,getAllAssuranceType,/assurance/getAllAssuranceType,ts-assurance-service,ts-assurance-service-7fddbc8887-nj5rg,ts-ui-dashboard,ts-ui-dashboard-77c9897449-dfqhg,1650,758
0f6b22f4d5a948ce,1755696844547000,1755696844547587,1755696844549237,0f6b22f4d5a948ce,9fdd23df23949ac4,/assurance/getAllAssuranceType,/assurance/getAllAssuranceType,ts-ui-dashboard,ts-ui-dashboard-77c9897449-dfqhg,ts-ui-dashboard,ts-ui-dashboard-77c9897449-dfqhg,2238,1650
1214f5e7db0095d5,1755696826852000,1755696826817000,1755696826819286,1e16c9327c2f6f3d,0290a182943b0e91,getAllAssuranceType,/assurance/getAllAssuranceType,ts-assurance-service,ts-assurance-service-7fddbc8887-nj5rg,ts-ui-dashboard,ts-ui-dashboard-77c9897449-dfqhg,5108,2286
1214f5e7db0095d5,1755696826852000,1755696826852918,1755696826858026,1214f5e7db0095d5,1e16c9327c2f6f3d,/assurance/getAllAssuranceType,/assurance/getAllAssuranceType,ts-ui-dashboard,ts-ui-dashboard-77c9897449-dfqhg,ts-ui-dashboard,ts-ui-dashboard-77c9897449-dfqhg,6027,5108
1271817a8d706940,1755696832053000,1755696832055000,1755696832058336,f2f466ae11c6a23d,e1c70b3b21dc13e2,GET,preserve,ts-preserve-service,ts-preserve-service-58dc5685c9-9rqpf,ts-preserve-service,ts-preserve-service-58dc5685c9-9rqpf,6258,3336
1271817a8d706940,1755696832053000,1755696832054000,1755696832060258,89f812972ffaf6ce,f2f466ae11c6a23d,preserve,/preserve,ts-preserve-service,ts-preserve-service-58dc5685c9-9rqpf,ts-ui-dashboard,ts-ui-dashboard-77c9897449-dfqhg,7866,6258
1271817a8d706940,1755696832053000,1755696832053277,1755696832061143,1271817a8d706940,89f812972ffaf6ce,/preserve,/preserve,ts-ui-dashboard,ts-ui-dashboard-77c9897449-dfqhg,ts-ui-dashboard,ts-ui-dashboard-77c9897449-dfqhg,8144,7866
179eedb16413fe0b,1755696846444000,1755696846444446,1755696846452522,179eedb16413fe0b,dfc8ddabf6297401,/contacts/findContacts,/contacts/findContacts,ts-ui-dashboard,ts-ui-dashboard-77c9897449-dfqhg,ts-ui-dashboard,ts-ui-dashboard-77c9897449-dfqhg,8523,8076
187a25fd56c6025d,1755696841870000,1755696841870000,1755696841875102,39b1845f2a320ce7,66e78cc18efb910b,preserve,/preserve,ts-preserve-service,ts-preserve-service-58dc5685c9-9rqpf,ts-ui-dashboard,ts-ui-dashboard-77c9897449-dfqhg,5847,5102
187a25fd56c6025d,1755696841870000,1755696841870022,1755696841875869,187a25fd56c6025d,39b1845f2a320ce7,/preserve,/preserve,ts-ui-dashboard,ts-ui-dashboard-77c9897449-dfqhg,ts-ui-dashboard,ts-ui-dashboard-77c9897449-dfqhg,5869,5847
187a25fd56c6025d,1755696841870000,1755696841871000,1755696841874585,66e78cc18efb910b,86ed4c7d93a0fead,GET,preserve,ts-preserve-service,ts-preserve-service-58dc5685c9-9rqpf,ts-preserve-service,ts-preserve-service-58dc5685c9-9rqpf,5102,3585
192f7bc0e43bb8b9,1755696850039000,1755696850004000,1755696850011620,b34544655e9b30a1,9a0774cba9dbe31a,POST,login,ts-login-service,ts-login-service-55cbfcdcfb-wgtlv,ts-login-service,ts-login-service-55cbfcdcfb-wgtlv,16176,7620
192f7bc0e43bb8b9,1755696850039000,1755696850013000,1755696850018313,b34544655e9b30a1,a52e0cd14f9e6724,POST,login,ts-login-service,ts-login-service-55cbfcdcfb-wgtlv,ts-login-service,ts-login-service-55cbfcdcfb-wgtlv,16176,5313
192f7bc0e43bb8b9,1755696850039000,1755696850045000,1755696850048933,9a0774cba9dbe31a,08328e77f2627cac,verifyCode,POST,ts-verification-code-service,ts-verification-code-service-67b64f6c84-b5gfr,ts-login-service,ts-login-service-55cbfcdcfb-wgtlv,7620,3933
192f7bc0e43bb8b9,1755696850039000,1755696850003000,1755696850019176,26769ea62835f903,b34544655e9b30a1,login,/login,ts-login-service,ts-login-service-55cbfcdcfb-wgtlv,ts-ui-dashboard,ts-ui-dashboard-77c9897449-dfqhg,17825,16176
192f7bc0e43bb8b9,1755696850039000,1755696850039726,1755696850057551,192f7bc0e43bb8b9,26769ea62835f903,/login,/login,ts-ui-dashboard,ts-ui-dashboard-77c9897449-dfqhg,ts-ui-dashboard,ts-ui-dashboard-77c9897449-dfqhg,18552,17825
1e60009149c0278b,1755696840072000,1755696840072201,1755696840078408,1e60009149c0278b,749d305fd79a02c9,/contacts/findContacts,/contacts/findContacts,ts-ui-dashboard,ts-ui-dashboard-77c9897449-dfqhg,ts-ui-dashboard,ts-ui-dashboard-77c9897449-dfqhg,6409,6207
1f1c0e0cfc0c11f0,1755696820385000,1755696820553000,1755696820562132,0e3878a7035c55df,cf36da220cbcc09f,GET,preserve,ts-preserve-service,ts-preserve-service-58dc5685c9-9rqpf,ts-preserve-service,ts-preserve-service-58dc5685c9-9rqpf,290969,9132
1f1c0e0cfc0c11f0,1755696820385000,1755696820453000,1755696820743969,1ca01e7b4cc525c5,0e3878a7035c55df,preserve,/preserve,ts-preserve-service,ts-preserve-service-58dc5685c9-9rqpf,ts-ui-dashboard,ts-ui-dashboard-77c9897449-dfqhg,361172,290969
1f1c0e0cfc0c11f0,1755696820385000,1755696820385173,1755696820746345,1f1c0e0cfc0c11f0,1ca01e7b4cc525c5,/preserve,/preserve,ts-ui-dashboard,ts-ui-dashboard-77c9897449-dfqhg,ts-ui-dashboard,ts-ui-dashboard-77c9897449-dfqhg,361345,361172
24a375a6a9c2ceb3,1755696838557000,1755696838558000,1755696838561332,689ff17a1da26dde,5f08cfcd0ac75238,GET,preserve,ts-preserve-service,ts-preserve-service-58dc5685c9-9rqpf,ts-preserve-service,ts-preserve-service-58dc5685c9-9rqpf,4682,3332
24a375a6a9c2ceb3,1755696838557000,1755696838557000,1755696838561682,fdfacc0946bdf0fd,689ff17a1da26dde,preserve,/preserve,ts-preserve-service,ts-preserve-service-58dc5685c9-9rqpf,ts-ui-dashboard,ts-ui-dashboard-77c9897449-dfqhg,5345,4682
24a375a6a9c2ceb3,1755696838557000,1755696838557164,1755696838562509,24a375a6a9c2ceb3,fdfacc0946bdf0fd,/preserve,/preserve,ts-ui-dashboard,ts-ui-dashboard-77c9897449-dfqhg,ts-ui-dashboard,ts-ui-dashboard-77c9897449-dfqhg,5510,5345
2f494f4a9141f37c,1755696851292000,1755696851297000,1755696851304460,68a63aec625f69a4,49516cf947a214ac,GET,preserve,ts-preserve-service,ts-preserve-service-58dc5685c9-9rqpf,ts-preserve-service,ts-preserve-service-58dc5685c9-9rqpf,12541,7460
2f494f4a9141f37c,1755696851292000,1755696851294000,1755696851306541,64a87c8d3cd04a4c,68a63aec625f69a4,preserve,/preserve,ts-preserve-service,ts-preserve-service-58dc5685c9-9rqpf,ts-ui-dashboard,ts-ui-dashboard-77c9897449-dfqhg,14880,12541
2f494f4a9141f37c,1755696851292000,1755696851292652,1755696851307532,2f494f4a9141f37c,64a87c8d3cd04a4c,/preserve,/preserve,ts-ui-dashboard,ts-ui-dashboard-77c9897449-dfqhg,ts-ui-dashboard,ts-ui-dashboard-77c9897449-dfqhg,15533,14880
325d31920fe92644,1755696833321000,1755696833285000,1755696833287320,88b27d446284659f,be05d28455056993,getAllAssuranceType,/assurance/getAllAssuranceType,ts-assurance-service,ts-assurance-service-7fddbc8887-nj5rg,ts-ui-dashboard,ts-ui-dashboard-77c9897449-dfqhg,4908,2320
325d31920fe92644,1755696833321000,1755696833321485,1755696833326393,325d31920fe92644,88b27d446284659f,/assurance/getAllAssuranceType,/assurance/getAllAssuranceType,ts-ui-dashboard,ts-ui-dashboard-77c9897449-dfqhg,ts-ui-dashboard,ts-ui-dashboard-77c9897449-dfqhg,5394,4908
363332eb5649fb90,1755696828991000,1755696828993000,1755696828998372,04103cf611697597,b600d2b535c19b0c,GET,preserve,ts-preserve-other-service,ts-preserve-other-service-7b669b9467-5jgpr,ts-preserve-other-service,ts-preserve-other-service-7b669b9467-5jgpr,7296,5372
363332eb5649fb90,1755696828991000,1755696828992000,1755696828999296,8f0e31ca58166bae,04103cf611697597,preserve,/preserveOther,ts-preserve-other-service,ts-preserve-other-service-7b669b9467-5jgpr,ts-ui-dashboard,ts-ui-dashboard-77c9897449-dfqhg,8027,7296
363332eb5649fb90,1755696828991000,1755696828991782,1755696828999809,363332eb5649fb90,8f0e31ca58166bae,/preserveOther,/preserveOther,ts-ui-dashboard,ts-ui-dashboard-77c9897449-dfqhg,ts-ui-dashboard,ts-ui-dashboard-77c9897449-dfqhg,8809,8027
3f064299898c6943,1755696846347000,1755696846310000,1755696846310700,e39c86b249de0f51,f5ff45da0ed19b40,getAllAssuranceType,/assurance/getAllAssuranceType,ts-assurance-service,ts-assurance-service-7fddbc8887-nj5rg,ts-ui-dashboard,ts-ui-dashboard-77c9897449-dfqhg,1492,700
3f064299898c6943,1755696846347000,1755696846347432,1755696846348924,3f064299898c6943,e39c86b249de0f51,/assurance/getAllAssuranceType,/assurance/getAllAssuranceType,ts-ui-dashboard,ts-ui-dashboard-77c9897449-dfqhg,ts-ui-dashboard,ts-ui-dashboard-77c9897449-dfqhg,1924,1492
40a344d9f75adf9f,1755696841763000,1755696841726000,1755696841726685,2403b95a5a9f3d44,020ec83b29343ae4,getAllAssuranceType,/assurance/getAllAssuranceType,ts-assurance-service,ts-assurance-service-7fddbc8887-nj5rg,ts-ui-dashboard,ts-ui-dashboard-77c9897449-dfqhg,1658,685
40a344d9f75adf9f,1755696841763000,1755696841763100,1755696841764758,40a344d9f75adf9f,2403b95a5a9f3d44,/assurance/getAllAssuranceType,/assurance/getAllAssuranceType,ts-ui-dashboard,ts-ui-dashboard-77c9897449-dfqhg,ts-ui-dashboard,ts-ui-dashboard-77c9897449-dfqhg,1758,1658
43441f50587bc00b,1755696844693000,1755696844698000,1755696844706570,684ff1125061e845,f3a84f48c500c97a,GET,preserve,ts-preserve-service,ts-preserve-service-58dc5685c9-9rqpf,ts-preserve-service,ts-preserve-service-58dc5685c9-9rqpf,13021,8570
43441f50587bc00b,1755696844693000,1755696844695000,1755696844708021,76dc856074a674e3,684ff1125061e845,preserve,/preserve,ts-preserve-service,ts-preserve-service-58dc5685c9-9rqpf,ts-ui-dashboard,ts-ui-dashboard-77c9897449-dfqhg,15265,13021
43441f50587bc00b,1755696844693000,1755696844693818,1755696844709083,43441f50587bc00b,76dc856074a674e3,/preserve,/preserve,ts-ui-dashboard,ts-ui-dashboard-77c9897449-dfqhg,ts-ui-dashboard,ts-ui-dashboard-77c9897449-dfqhg,16084,15265
4382f9092ad4a0ea,1755696843120000,1755696843120113,1755696843171507,4382f9092ad4a0ea,97fed5bfcedb7065,/contacts/findContacts,/contacts/findContacts,ts-ui-dashboard,ts-ui-dashboard-77c9897449-dfqhg,ts-ui-dashboard,ts-ui-dashboard-77c9897449-dfqhg,51507,51394
44397992dc1d54e1,1755696834252000,1755696834252152,1755696834257039,44397992dc1d54e1,555c46426b42676a,/contacts/findContacts,/contacts/findContacts,ts-ui-dashboard,ts-ui-dashboard-77c9897449-dfqhg,ts-ui-dashboard,ts-ui-dashboard-77c9897449-dfqhg,5040,4887
444f40b0b7671c74,1755696819603000,1755696819603020,1755696820379382,444f40b0b7671c74,74852ddc8cf91338,/contacts/findContacts,/contacts/findContacts,ts-ui-dashboard,ts-ui-dashboard-77c9897449-dfqhg,ts-ui-dashboard,ts-ui-dashboard-77c9897449-dfqhg,776382,776362
4b7ff779da8dd5ea,1755696835751000,1755696835752000,1755696835763781,5f86468f7db960aa,40b4f8a25b24deb2,GET,preserve,ts-preserve-service,ts-preserve-service-58dc5685c9-9rqpf,ts-preserve-service,ts-preserve-service-58dc5685c9-9rqpf,13481,11781
4b7ff779da8dd5ea,1755696835751000,1755696835751000,1755696835764481,bb04fd5841126f33,5f86468f7db960aa,preserve,/preserve,ts-preserve-service,ts-preserve-service-58dc5685c9-9rqpf,ts-ui-dashboard,ts-ui-dashboard-77c9897449-dfqhg,14144,13481
4b7ff779da8dd5ea,1755696835751000,1755696835751493,1755696835765637,4b7ff779da8dd5ea,bb04fd5841126f33,/preserve,/preserve,ts-ui-dashboard,ts-ui-dashboard-77c9897449-dfqhg,ts-ui-dashboard,ts-ui-dashboard-77c9897449-dfqhg,14637,14144
4cd81f19ed0a22e0,1755696838540000,1755696838540106,1755696838544709,4cd81f19ed0a22e0,95607bbc5ddf01b6,/assurance/getAllAssuranceType,/assurance/getAllAssuranceType,ts-ui-dashboard,ts-ui-dashboard-77c9897449-dfqhg,ts-ui-dashboard,ts-ui-dashboard-77c9897449-dfqhg,4710,4603
4cd81f19ed0a22e0,1755696838540000,1755696838504000,1755696838506337,95607bbc5ddf01b6,5568ac31e7132bcf,getAllAssuranceType,/assurance/getAllAssuranceType,ts-assurance-service,ts-assurance-service-7fddbc8887-nj5rg,ts-ui-dashboard,ts-ui-dashboard-77c9897449-dfqhg,4603,2337
4db7fa9f59a2e123,1755696834168000,1755696834132000,1755696834134411,aaa68ef9ed65a2ce,99e14aa9e22d0ed5,getAllAssuranceType,/assurance/getAllAssuranceType,ts-assurance-service,ts-assurance-service-7fddbc8887-nj5rg,ts-ui-dashboard,ts-ui-dashboard-77c9897449-dfqhg,4824,2411
4db7fa9f59a2e123,1755696834168000,1755696834168289,1755696834173113,4db7fa9f59a2e123,aaa68ef9ed65a2ce,/assurance/getAllAssuranceType,/assurance/getAllAssuranceType,ts-ui-dashboard,ts-ui-dashboard-77c9897449-dfqhg,ts-ui-dashboard,ts-ui-dashboard-77c9897449-dfqhg,5114,4824
511d47c7218c54f1,1755696851179000,1755696851143000,1755696851145340,2637a8991f3bba8b,1b09ae2dd6303dbd,getAllAssuranceType,/assurance/getAllAssuranceType,ts-assurance-service,ts-assurance-service-7fddbc8887-nj5rg,ts-ui-dashboard,ts-ui-dashboard-77c9897449-dfqhg,5200,2340
511d47c7218c54f1,1755696851179000,1755696851179169,1755696851184369,511d47c7218c54f1,2637a8991f3bba8b,/assurance/getAllAssuranceType,/assurance/getAllAssuranceType,ts-ui-dashboard,ts-ui-dashboard-77c9897449-dfqhg,ts-ui-dashboard,ts-ui-dashboard-77c9897449-dfqhg,5369,5200
512690d5cd60d5b8,1755696826861000,1755696826861827,1755696826877560,512690d5cd60d5b8,2922ce4753dc2260,/contacts/findContacts,/contacts/findContacts,ts-ui-dashboard,ts-ui-dashboard-77c9897449-dfqhg,ts-ui-dashboard,ts-ui-dashboard-77c9897449-dfqhg,16560,15733
51a6bc80fa269931,1755696843110000,1755696843075000,1755696843077366,0d0f496462064bbf,984194adaae62492,getAllAssuranceType,/assurance/getAllAssuranceType,ts-assurance-service,ts-assurance-service-7fddbc8887-nj5rg,ts-ui-dashboard,ts-ui-dashboard-77c9897449-dfqhg,5101,2366
51a6bc80fa269931,1755696843110000,1755696843110588,1755696843115689,51a6bc80fa269931,0d0f496462064bbf,/assurance/getAllAssuranceType,/assurance/getAllAssuranceType,ts-ui-dashboard,ts-ui-dashboard-77c9897449-dfqhg,ts-ui-dashboard,ts-ui-dashboard-77c9897449-dfqhg,5689,5101
54442791cd7af369,1755696823176000,1755696823176347,1755696823180844,54442791cd7af369,9561d11007fd95b0,/contacts/findContacts,/contacts/findContacts,ts-ui-dashboard,ts-ui-dashboard-77c9897449-dfqhg,ts-ui-dashboard,ts-ui-dashboard-77c9897449-dfqhg,4844,4497
56f4ca4e42a7f8ac,1755696827884000,1755696827884146,1755696827888245,56f4ca4e42a7f8ac,5729d511b9971115,/contacts/findContacts,/contacts/findContacts,ts-ui-dashboard,ts-ui-dashboard-77c9897449-dfqhg,ts-ui-dashboard,ts-ui-dashboard-77c9897449-dfqhg,4245,4099
58a6b8e7f58601e2,1755696821871000,1755696821871103,1755696821876067,58a6b8e7f58601e2,8e1d523cd55a8129,/preserveOther,/preserveOther,ts-ui-dashboard,ts-ui-dashboard-77c9897449-dfqhg,ts-ui-dashboard,ts-ui-dashboard-77c9897449-dfqhg,5068,4964
58a6b8e7f58601e2,1755696821871000,1755696821871000,1755696821875245,8e1d523cd55a8129,697dc303e7fd1a31,preserve,/preserveOther,ts-preserve-other-service,ts-preserve-other-service-7b669b9467-5jgpr,ts-ui-dashboard,ts-ui-dashboard-77c9897449-dfqhg,4964,4245
58a6b8e7f58601e2,1755696821871000,1755696821872000,1755696821874882,697dc303e7fd1a31,90f090620337c507,GET,preserve,ts-preserve-other-service,ts-preserve-other-service-7b669b9467-5jgpr,ts-preserve-other-service,ts-preserve-other-service-7b669b9467-5jgpr,4245,2882
5c628a44d8534d07,1755696825653000,1755696825653169,1755696825661822,5c628a44d8534d07,247c38da581a9f7e,/contacts/findContacts,/contacts/findContacts,ts-ui-dashboard,ts-ui-dashboard-77c9897449-dfqhg,ts-ui-dashboard,ts-ui-dashboard-77c9897449-dfqhg,8822,8653
5d43899070ab1560,1755696849803000,1755696849768000,1755696849770315,43f4311ef81603fa,c48cd9fe7b4edd43,getAllAssuranceType,/assurance/getAllAssuranceType,ts-assurance-service,ts-assurance-service-7fddbc8887-nj5rg,ts-ui-dashboard,ts-ui-dashboard-77c9897449-dfqhg,4543,2315
5d43899070ab1560,1755696849803000,1755696849803958,1755696849808501,5d43899070ab1560,43f4311ef81603fa,/assurance/getAllAssuranceType,/assurance/getAllAssuranceType,ts-ui-dashboard,ts-ui-dashboard-77c9897449-dfqhg,ts-ui-dashboard,ts-ui-dashboard-77c9897449-dfqhg,5502,4543
6128ed3a3e8c869c,1755696849829000,1755696849831000,1755696849833574,9a9c648a8f6dfadd,928185cb6aece03f,GET,preserve,ts-preserve-service,ts-preserve-service-58dc5685c9-9rqpf,ts-preserve-service,ts-preserve-service-58dc5685c9-9rqpf,4340,2574
6128ed3a3e8c869c,1755696849829000,1755696849830000,1755696849834340,d0d0bbc6b930b732,9a9c648a8f6dfadd,preserve,/preserve,ts-preserve-service,ts-preserve-service-58dc5685c9-9rqpf,ts-ui-dashboard,ts-ui-dashboard-77c9897449-dfqhg,5417,4340
6128ed3a3e8c869c,1755696849829000,1755696849829564,1755696849834981,6128ed3a3e8c869c,d0d0bbc6b930b732,/preserve,/preserve,ts-ui-dashboard,ts-ui-dashboard-77c9897449-dfqhg,ts-ui-dashboard,ts-ui-dashboard-77c9897449-dfqhg,5982,5417
6983f79bc97e0089,1755696821379000,1755696821545000,1755696821552498,024c8808d39f57c7,bad6bdb8e5108850,GET,preserve,ts-preserve-service,ts-preserve-service-58dc5685c9-9rqpf,ts-preserve-service,ts-preserve-service-58dc5685c9-9rqpf,102314,7498
6983f79bc97e0089,1755696821379000,1755696821453000,1755696821555314,1e91d730acbc77eb,024c8808d39f57c7,preserve,/preserve,ts-preserve-service,ts-preserve-service-58dc5685c9-9rqpf,ts-ui-dashboard,ts-ui-dashboard-77c9897449-dfqhg,177089,102314
6983f79bc97e0089,1755696821379000,1755696821379601,1755696821556690,6983f79bc97e0089,1e91d730acbc77eb,/preserve,/preserve,ts-ui-dashboard,ts-ui-dashboard-77c9897449-dfqhg,ts-ui-dashboard,ts-ui-dashboard-77c9897449-dfqhg,177691,177089
710b25b8cae73a60,1755696837016000,1755696837016102,1755696837031458,710b25b8cae73a60,6c8402fc2527a505,/contacts/findContacts,/contacts/findContacts,ts-ui-dashboard,ts-ui-dashboard-77c9897449-dfqhg,ts-ui-dashboard,ts-ui-dashboard-77c9897449-dfqhg,15459,15356
765c0ac663333061,1755696840082000,1755696840084000,1755696840088316,2ea45d38f17926e9,b71f07a3a2111523,GET,preserve,ts-preserve-other-service,ts-preserve-other-service-7b669b9467-5jgpr,ts-preserve-other-service,ts-preserve-other-service-7b669b9467-5jgpr,5884,4316
765c0ac663333061,1755696840082000,1755696840083000,1755696840088884,0d31f081d55af36b,2ea45d38f17926e9,preserve,/preserveOther,ts-preserve-other-service,ts-preserve-other-service-7b669b9467-5jgpr,ts-ui-dashboard,ts-ui-dashboard-77c9897449-dfqhg,6668,5884
765c0ac663333061,1755696840082000,1755696840082897,1755696840089565,765c0ac663333061,0d31f081d55af36b,/preserveOther,/preserveOther,ts-ui-dashboard,ts-ui-dashboard-77c9897449-dfqhg,ts-ui-dashboard,ts-ui-dashboard-77c9897449-dfqhg,7565,6668
77d1a027b352e80c,1755696844673000,1755696844673683,1755696844689287,77d1a027b352e80c,a7f481515336de9b,/contacts/findContacts,/contacts/findContacts,ts-ui-dashboard,ts-ui-dashboard-77c9897449-dfqhg,ts-ui-dashboard,ts-ui-dashboard-77c9897449-dfqhg,16288,15604
77f4a32c477a0616,1755696828977000,1755696828977837,1755696828987549,77f4a32c477a0616,7087ffde9dfb7dd9,/contacts/findContacts,/contacts/findContacts,ts-ui-dashboard,ts-ui-dashboard-77c9897449-dfqhg,ts-ui-dashboard,ts-ui-dashboard-77c9897449-dfqhg,10550,9712
78ad4fdf673acb54,1755696840065000,1755696840029000,1755696840029976,081c622f1a87b6b0,2fc9b21e3bb60e93,getAllAssuranceType,/assurance/getAllAssuranceType,ts-assurance-service,ts-assurance-service-7fddbc8887-nj5rg,ts-ui-dashboard,ts-ui-dashboard-77c9897449-dfqhg,2056,976
78ad4fdf673acb54,1755696840065000,1755696840066018,1755696840068074,78ad4fdf673acb54,081c622f1a87b6b0,/assurance/getAllAssuranceType,/assurance/getAllAssuranceType,ts-ui-dashboard,ts-ui-dashboard-77c9897449-dfqhg,ts-ui-dashboard,ts-ui-dashboard-77c9897449-dfqhg,3075,2056
79253c402b2d7812,1755696835746000,1755696835746194,1755696835750313,79253c402b2d7812,847b16916f7bbad5,/contacts/findContacts,/contacts/findContacts,ts-ui-dashboard,ts-ui-dashboard-77c9897449-dfqhg,ts-ui-dashboard,ts-ui-dashboard-77c9897449-dfqhg,4313,4119
7ac38facf0006621,1755696830659000,1755696830659246,1755696830675818,7ac38facf0006621,e88cffdca11bba02,/contacts/findContacts,/contacts/findContacts,ts-ui-dashboard,ts-ui-dashboard-77c9897449-dfqhg,ts-ui-dashboard,ts-ui-dashboard-77c9897449-dfqhg,16818,16572
7cc6ba8dffa8b25d,1755696847959000,1755696847923000,1755696847925230,e203942692b2b047,6dd46f6139f1e10e,getAllAssuranceType,/assurance/getAllAssuranceType,ts-assurance-service,ts-assurance-service-7fddbc8887-nj5rg,ts-ui-dashboard,ts-ui-dashboard-77c9897449-dfqhg,4365,2230
7cc6ba8dffa8b25d,1755696847959000,1755696847959201,1755696847963566,7cc6ba8dffa8b25d,e203942692b2b047,/assurance/getAllAssuranceType,/assurance/getAllAssuranceType,ts-ui-dashboard,ts-ui-dashboard-77c9897449-dfqhg,ts-ui-dashboard,ts-ui-dashboard-77c9897449-dfqhg,4567,4365
7f4982fc0b51b098,1755696848287000,1755696848291000,1755696848294947,5f3ba4ef167c8081,fad1d1b4b76c6abe,GET,preserve,ts-preserve-service,ts-preserve-service-58dc5685c9-9rqpf,ts-preserve-service,ts-preserve-service-58dc5685c9-9rqpf,8276,3947
7f4982fc0b51b098,1755696848287000,1755696848289000,1755696848297276,b1a375e0bf953164,5f3ba4ef167c8081,preserve,/preserve,ts-preserve-service,ts-preserve-service-58dc5685c9-9rqpf,ts-ui-dashboard,ts-ui-dashboard-77c9897449-dfqhg,10607,8276
7f4982fc0b51b098,1755696848287000,1755696848287447,1755696848298054,7f4982fc0b51b098,b1a375e0bf953164,/preserve,/preserve,ts-ui-dashboard,ts-ui-dashboard-77c9897449-dfqhg,ts-ui-dashboard,ts-ui-dashboard-77c9897449-dfqhg,11055,10607
80c438b411adee87,1755696848273000,1755696848273449,1755696848282277,80c438b411adee87,778c13cce3f97369,/contacts/findContacts,/contacts/findContacts,ts-ui-dashboard,ts-ui-dashboard-77c9897449-dfqhg,ts-ui-dashboard,ts-ui-dashboard-77c9897449-dfqhg,9277,8828
869fccb025f02e46,1755696831978000,1755696831942000,1755696831943238,fe41d09bb84c5de5,3a52e63989638e26,getAllAssuranceType,/assurance/getAllAssuranceType,ts-assurance-service,ts-assurance-service-7fddbc8887-nj5rg,ts-ui-dashboard,ts-ui-dashboard-77c9897449-dfqhg,2366,1238
869fccb025f02e46,1755696831978000,1755696831979009,1755696831981375,869fccb025f02e46,fe41d09bb84c5de5,/assurance/getAllAssuranceType,/assurance/getAllAssuranceType,ts-ui-dashboard,ts-ui-dashboard-77c9897449-dfqhg,ts-ui-dashboard,ts-ui-dashboard-77c9897449-dfqhg,3376,2366
88089294477848fa,1755696830518000,1755696830482000,1755696830484341,a62afc3cc8e0aec7,9866adf692cbd0af,getAllAssuranceType,/assurance/getAllAssuranceType,ts-assurance-service,ts-assurance-service-7fddbc8887-nj5rg,ts-ui-dashboard,ts-ui-dashboard-77c9897449-dfqhg,5020,2341
88089294477848fa,1755696830518000,1755696830518346,1755696830523366,88089294477848fa,a62afc3cc8e0aec7,/assurance/getAllAssuranceType,/assurance/getAllAssuranceType,ts-ui-dashboard,ts-ui-dashboard-77c9897449-dfqhg,ts-ui-dashboard,ts-ui-dashboard-77c9897449-dfqhg,5367,5020
896c649f0d294c7d,1755696818473000,1755696818498000,1755696818507771,534f7ec2ce9ed62d,1416a0aed9417d16,POST,login,ts-login-service,ts-login-service-55cbfcdcfb-wgtlv,ts-login-service,ts-login-service-55cbfcdcfb-wgtlv,88198,9771
896c649f0d294c7d,1755696818473000,1755696818510000,1755696818525312,534f7ec2ce9ed62d,eaa5abc52a8a3824,POST,login,ts-login-service,ts-login-service-55cbfcdcfb-wgtlv,ts-login-service,ts-login-service-55cbfcdcfb-wgtlv,88198,15312
896c649f0d294c7d,1755696818473000,1755696818541000,1755696818545836,1416a0aed9417d16,201fa076bae6b783,verifyCode,POST,ts-verification-code-service,ts-verification-code-service-67b64f6c84-b5gfr,ts-login-service,ts-login-service-55cbfcdcfb-wgtlv,9771,4836
896c649f0d294c7d,1755696818473000,1755696818438000,1755696818526198,c3ddfd40c30ed453,534f7ec2ce9ed62d,login,/login,ts-login-service,ts-login-service-55cbfcdcfb-wgtlv,ts-ui-dashboard,ts-ui-dashboard-77c9897449-dfqhg,91551,88198
896c649f0d294c7d,1755696818473000,1755696818473819,1755696818565370,896c649f0d294c7d,c3ddfd40c30ed453,/login,/login,ts-ui-dashboard,ts-ui-dashboard-77c9897449-dfqhg,ts-ui-dashboard,ts-ui-dashboard-77c9897449-dfqhg,92370,91551
8cd3ce2e32e6ea2e,1755696834261000,1755696834266000,1755696834269688,c9b14b004081014e,a9367b79f1e7d0df,GET,preserve,ts-preserve-service,ts-preserve-service-58dc5685c9-9rqpf,ts-preserve-service,ts-preserve-service-58dc5685c9-9rqpf,7444,3688
8cd3ce2e32e6ea2e,1755696834261000,1755696834263000,1755696834270444,0f0f7b4bd7fcec7e,c9b14b004081014e,preserve,/preserve,ts-preserve-service,ts-preserve-service-58dc5685c9-9rqpf,ts-ui-dashboard,ts-ui-dashboard-77c9897449-dfqhg,9357,7444
8cd3ce2e32e6ea2e,1755696834261000,1755696834262100,1755696834271457,8cd3ce2e32e6ea2e,0f0f7b4bd7fcec7e,/preserve,/preserve,ts-ui-dashboard,ts-ui-dashboard-77c9897449-dfqhg,ts-ui-dashboard,ts-ui-dashboard-77c9897449-dfqhg,10458,9357
92b78342aa86d254,1755696821350000,1755696821314000,1755696821315540,31852b7509f3f7c8,3471b257b4bd28c5,getAllAssuranceType,/assurance/getAllAssuranceType,ts-assurance-service,ts-assurance-service-7fddbc8887-nj5rg,ts-ui-dashboard,ts-ui-dashboard-77c9897449-dfqhg,3799,1540
92b78342aa86d254,1755696821350000,1755696821351044,1755696821354843,92b78342aa86d254,31852b7509f3f7c8,/assurance/getAllAssuranceType,/assurance/getAllAssuranceType,ts-ui-dashboard,ts-ui-dashboard-77c9897449-dfqhg,ts-ui-dashboard,ts-ui-dashboard-77c9897449-dfqhg,4844,3799
985731567fe5dd3d,1755696838545000,1755696838545910,1755696838554752,985731567fe5dd3d,1635b150b2ab5617,/contacts/findContacts,/contacts/findContacts,ts-ui-dashboard,ts-ui-dashboard-77c9897449-dfqhg,ts-ui-dashboard,ts-ui-dashboard-77c9897449-dfqhg,9752,8842
9feb815d50eeb4b1,1755696827892000,1755696827894000,1755696827897782,7761d9c897b51d47,698060db9e1093c9,GET,preserve,ts-preserve-other-service,ts-preserve-other-service-7b669b9467-5jgpr,ts-preserve-other-service,ts-preserve-other-service-7b669b9467-5jgpr,5208,3782
9feb815d50eeb4b1,1755696827892000,1755696827893000,1755696827898208,b3af5fd4b9435a26,7761d9c897b51d47,preserve,/preserveOther,ts-preserve-other-service,ts-preserve-other-service-7b669b9467-5jgpr,ts-ui-dashboard,ts-ui-dashboard-77c9897449-dfqhg,5938,5208
9feb815d50eeb4b1,1755696827892000,1755696827892757,1755696827898695,9feb815d50eeb4b1,b3af5fd4b9435a26,/preserveOther,/preserveOther,ts-ui-dashboard,ts-ui-dashboard-77c9897449-dfqhg,ts-ui-dashboard,ts-ui-dashboard-77c9897449-dfqhg,6696,5938
a4e38fc98cbc817c,1755696837036000,1755696837038000,1755696837041698,45cd3d41f3a72f68,8dc19bae10102747,GET,preserve,ts-preserve-other-service,ts-preserve-other-service-7b669b9467-5jgpr,ts-preserve-other-service,ts-preserve-other-service-7b669b9467-5jgpr,5481,3698
a4e38fc98cbc817c,1755696837036000,1755696837037000,1755696837042481,d6762821a37ab5fe,45cd3d41f3a72f68,preserve,/preserveOther,ts-preserve-other-service,ts-preserve-other-service-7b669b9467-5jgpr,ts-ui-dashboard,ts-ui-dashboard-77c9897449-dfqhg,6440,5481
a4e38fc98cbc817c,1755696837036000,1755696837036391,1755696837042831,a4e38fc98cbc817c,d6762821a37ab5fe,/preserveOther,/preserveOther,ts-ui-dashboard,ts-ui-dashboard-77c9897449-dfqhg,ts-ui-dashboard,ts-ui-dashboard-77c9897449-dfqhg,6831,6440
ab2886d5fdb9d0bf,1755696827878000,1755696827841000,1755696827841799,391230cbcf1fcf84,4e283debf8882941,getAllAssuranceType,/assurance/getAllAssuranceType,ts-assurance-service,ts-assurance-service-7fddbc8887-nj5rg,ts-ui-dashboard,ts-ui-dashboard-77c9897449-dfqhg,1609,799
ab2886d5fdb9d0bf,1755696827878000,1755696827878160,1755696827879769,ab2886d5fdb9d0bf,391230cbcf1fcf84,/assurance/getAllAssuranceType,/assurance/getAllAssuranceType,ts-ui-dashboard,ts-ui-dashboard-77c9897449-dfqhg,ts-ui-dashboard,ts-ui-dashboard-77c9897449-dfqhg,1770,1609
b81d7310dd9b0012,1755696828970000,1755696828934000,1755696828935119,1dea1ddd2b5a5e72,d3d4ed3acd3d239c,getAllAssuranceType,/assurance/getAllAssuranceType,ts-assurance-service,ts-assurance-service-7fddbc8887-nj5rg,ts-ui-dashboard,ts-ui-dashboard-77c9897449-dfqhg,2322,1119
b81d7310dd9b0012,1755696828970000,1755696828970864,1755696828973186,b81d7310dd9b0012,1dea1ddd2b5a5e72,/assurance/getAllAssuranceType,/assurance/getAllAssuranceType,ts-ui-dashboard,ts-ui-dashboard-77c9897449-dfqhg,ts-ui-dashboard,ts-ui-dashboard-77c9897449-dfqhg,3186,2322
b8bab425c327ff1f,1755696837010000,1755696836974000,1755696836976264,45710c63e272c09d,a8396ab326f44ff3,getAllAssuranceType,/assurance/getAllAssuranceType,ts-assurance-service,ts-assurance-service-7fddbc8887-nj5rg,ts-ui-dashboard,ts-ui-dashboard-77c9897449-dfqhg,4332,2264
b8bab425c327ff1f,1755696837010000,1755696837010449,1755696837014781,b8bab425c327ff1f,45710c63e272c09d,/assurance/getAllAssuranceType,/assurance/getAllAssuranceType,ts-ui-dashboard,ts-ui-dashboard-77c9897449-dfqhg,ts-ui-dashboard,ts-ui-dashboard-77c9897449-dfqhg,4782,4332
bc7a3d217faf9efb,1755696846457000,1755696846458000,1755696846461628,e4db112a0f3bb26f,ae985461c53393a0,GET,preserve,ts-preserve-service,ts-preserve-service-58dc5685c9-9rqpf,ts-preserve-service,ts-preserve-service-58dc5685c9-9rqpf,5100,3628
bc7a3d217faf9efb,1755696846457000,1755696846458000,1755696846463100,f8a0c74022792565,e4db112a0f3bb26f,preserve,/preserve,ts-preserve-service,ts-preserve-service-58dc5685c9-9rqpf,ts-ui-dashboard,ts-ui-dashboard-77c9897449-dfqhg,5892,5100
bc7a3d217faf9efb,1755696846457000,1755696846457378,1755696846463270,bc7a3d217faf9efb,f8a0c74022792565,/preserve,/preserve,ts-ui-dashboard,ts-ui-dashboard-77c9897449-dfqhg,ts-ui-dashboard,ts-ui-dashboard-77c9897449-dfqhg,6271,5892
c124d4724c81a944,1755696849809000,1755696849809707,1755696849825048,c124d4724c81a944,6026440b4ba58c83,/contacts/findContacts,/contacts/findContacts,ts-ui-dashboard,ts-ui-dashboard-77c9897449-dfqhg,ts-ui-dashboard,ts-ui-dashboard-77c9897449-dfqhg,16048,15341
c453d433c38dc569,1755696832043000,1755696832043681,1755696832048833,c453d433c38dc569,1721289738d557b5,/contacts/findContacts,/contacts/findContacts,ts-ui-dashboard,ts-ui-dashboard-77c9897449-dfqhg,ts-ui-dashboard,ts-ui-dashboard-77c9897449-dfqhg,5834,5152
c899e77bce2d5a46,1755696841855000,1755696841855212,1755696841864715,c899e77bce2d5a46,9d918c40151aac8d,/contacts/findContacts,/contacts/findContacts,ts-ui-dashboard,ts-ui-dashboard-77c9897449-dfqhg,ts-ui-dashboard,ts-ui-dashboard-77c9897449-dfqhg,9716,9503
caeba1142ef75ade,1755696830680000,1755696830684000,1755696830688841,30ddd141be0bfd46,84edc6c097f4ad48,GET,preserve,ts-preserve-service,ts-preserve-service-58dc5685c9-9rqpf,ts-preserve-service,ts-preserve-service-58dc5685c9-9rqpf,9406,4841
caeba1142ef75ade,1755696830680000,1755696830682000,1755696830691406,caf7bccba3a9e09d,30ddd141be0bfd46,preserve,/preserve,ts-preserve-service,ts-preserve-service-58dc5685c9-9rqpf,ts-ui-dashboard,ts-ui-dashboard-77c9897449-dfqhg,11770,9406
caeba1142ef75ade,1755696830680000,1755696830680580,1755696830692350,caeba1142ef75ade,caf7bccba3a9e09d,/preserve,/preserve,ts-ui-dashboard,ts-ui-dashboard-77c9897449-dfqhg,ts-ui-dashboard,ts-ui-dashboard-77c9897449-dfqhg,12350,11770
ce09243dfe041632,1755696819097000,1755696819060000,1755696819060764,456bfb232c17e041,7834d9bb5152db20,getAllAssuranceType,/assurance/getAllAssuranceType,ts-assurance-service,ts-assurance-service-7fddbc8887-nj5rg,ts-ui-dashboard,ts-ui-dashboard-77c9897449-dfqhg,1540,764
ce09243dfe041632,1755696819097000,1755696819097299,1755696819098839,ce09243dfe041632,456bfb232c17e041,/assurance/getAllAssuranceType,/assurance/getAllAssuranceType,ts-ui-dashboard,ts-ui-dashboard-77c9897449-dfqhg,ts-ui-dashboard,ts-ui-dashboard-77c9897449-dfqhg,1840,1540
db9dfa289ecf507a,1755696825349000,1755696825312000,1755696825312806,31208818f445b1ae,a176162092721d09,getAllAssuranceType,/assurance/getAllAssuranceType,ts-assurance-service,ts-assurance-service-7fddbc8887-nj5rg,ts-ui-dashboard,ts-ui-dashboard-77c9897449-dfqhg,2351,806
db9dfa289ecf507a,1755696825349000,1755696825349687,1755696825352038,db9dfa289ecf507a,31208818f445b1ae,/assurance/getAllAssuranceType,/assurance/getAllAssuranceType,ts-ui-dashboard,ts-ui-dashboard-77c9897449-dfqhg,ts-ui-dashboard,ts-ui-dashboard-77c9897449-dfqhg,3038,2351
dd5feb026b1b92e9,1755696819597000,1755696819560000,1755696819562195,62929150e7b383f7,25a3866f3f3ae5eb,getAllAssuranceType,/assurance/getAllAssuranceType,ts-assurance-service,ts-assurance-service-7fddbc8887-nj5rg,ts-ui-dashboard,ts-ui-dashboard-77c9897449-dfqhg,4408,2195
dd5feb026b1b92e9,1755696819597000,1755696819597060,1755696819601468,dd5feb026b1b92e9,62929150e7b383f7,/assurance/getAllAssuranceType,/assurance/getAllAssuranceType,ts-ui-dashboard,ts-ui-dashboard-77c9897449-dfqhg,ts-ui-dashboard,ts-ui-dashboard-77c9897449-dfqhg,4468,4408
e0df7691dc982cba,1755696823059000,1755696823022000,1755696823022824,699dbd85a304b7ca,6e89bfce896df1fa,getAllAssuranceType,/assurance/getAllAssuranceType,ts-assurance-service,ts-assurance-service-7fddbc8887-nj5rg,ts-ui-dashboard,ts-ui-dashboard-77c9897449-dfqhg,1858,824
e0df7691dc982cba,1755696823059000,1755696823059036,1755696823060894,e0df7691dc982cba,699dbd85a304b7ca,/assurance/getAllAssuranceType,/assurance/getAllAssuranceType,ts-ui-dashboard,ts-ui-dashboard-77c9897449-dfqhg,ts-ui-dashboard,ts-ui-dashboard-77c9897449-dfqhg,1895,1858
e36fd207fc7f0deb,1755696833329000,1755696833329905,1755696833335617,e36fd207fc7f0deb,9e657787d7a9adfc,/contacts/findContacts,/contacts/findContacts,ts-ui-dashboard,ts-ui-dashboard-77c9897449-dfqhg,ts-ui-dashboard,ts-ui-dashboard-77c9897449-dfqhg,6617,5712
e8682f2be2a220a3,1755696821862000,1755696821825000,1755696821825685,f946c46d150d5980,494640d2dcf97786,getAllAssuranceType,/assurance/getAllAssuranceType,ts-assurance-service,ts-assurance-service-7fddbc8887-nj5rg,ts-ui-dashboard,ts-ui-dashboard-77c9897449-dfqhg,1401,685
e8682f2be2a220a3,1755696821862000,1755696821862824,1755696821864225,e8682f2be2a220a3,f946c46d150d5980,/assurance/getAllAssuranceType,/assurance/getAllAssuranceType,ts-ui-dashboard,ts-ui-dashboard-77c9897449-dfqhg,ts-ui-dashboard,ts-ui-dashboard-77c9897449-dfqhg,2226,1401
ea3cf55ec1e57c41,1755696823185000,1755696823186000,1755696823188408,18f56e51c7e0f1e1,87c42c1e89274431,GET,preserve,ts-preserve-service,ts-preserve-service-58dc5685c9-9rqpf,ts-preserve-service,ts-preserve-service-58dc5685c9-9rqpf,3757,2408
ea3cf55ec1e57c41,1755696823185000,1755696823186000,1755696823189757,71e967b50f689e1c,18f56e51c7e0f1e1,preserve,/preserve,ts-preserve-service,ts-preserve-service-58dc5685c9-9rqpf,ts-ui-dashboard,ts-ui-dashboard-77c9897449-dfqhg,4422,3757
ea3cf55ec1e57c41,1755696823185000,1755696823185555,1755696823189977,ea3cf55ec1e57c41,71e967b50f689e1c,/preserve,/preserve,ts-ui-dashboard,ts-ui-dashboard-77c9897449-dfqhg,ts-ui-dashboard,ts-ui-dashboard-77c9897449-dfqhg,4977,4422
eeb597de14c4f63c,1755696843175000,1755696843178000,1755696843185741,e36eb7d5462870ec,d73fab3dd182959b,GET,preserve,ts-preserve-other-service,ts-preserve-other-service-7b669b9467-5jgpr,ts-preserve-other-service,ts-preserve-other-service-7b669b9467-5jgpr,10562,7741
eeb597de14c4f63c,1755696843175000,1755696843176000,1755696843186562,a496851141e0e5c6,e36eb7d5462870ec,preserve,/preserveOther,ts-preserve-other-service,ts-preserve-other-service-7b669b9467-5jgpr,ts-ui-dashboard,ts-ui-dashboard-77c9897449-dfqhg,11903,10562
eeb597de14c4f63c,1755696843175000,1755696843175847,1755696843187750,eeb597de14c4f63c,a496851141e0e5c6,/preserveOther,/preserveOther,ts-ui-dashboard,ts-ui-dashboard-77c9897449-dfqhg,ts-ui-dashboard,ts-ui-dashboard-77c9897449-dfqhg,12750,11903
f560bc11318299ec,1755696819134000,1755696819135000,1755696819139219,a4fb649696ab433f,407359fa626dfba5,GET,preserve,ts-preserve-service,ts-preserve-service-58dc5685c9-9rqpf,ts-preserve-service,ts-preserve-service-58dc5685c9-9rqpf,5670,4219
f560bc11318299ec,1755696819134000,1755696819134000,1755696819139670,e81483bf0621f171,a4fb649696ab433f,preserve,/preserve,ts-preserve-service,ts-preserve-service-58dc5685c9-9rqpf,ts-ui-dashboard,ts-ui-dashboard-77c9897449-dfqhg,6529,5670
f560bc11318299ec,1755696819134000,1755696819134140,1755696819140669,f560bc11318299ec,e81483bf0621f171,/preserve,/preserve,ts-ui-dashboard,ts-ui-dashboard-77c9897449-dfqhg,ts-ui-dashboard,ts-ui-dashboard-77c9897449-dfqhg,6669,6529
fd38bc50843a7fa3,1755696826882000,1755696826886000,1755696826893293,dd80caa31fc36c03,7a35bea211be74fe,GET,preserve,ts-preserve-service,ts-preserve-service-58dc5685c9-9rqpf,ts-preserve-service,ts-preserve-service-58dc5685c9-9rqpf,11882,7293
fd38bc50843a7fa3,1755696826882000,1755696826884000,1755696826895882,63c26a1d67e481b0,dd80caa31fc36c03,preserve,/preserve,ts-preserve-service,ts-preserve-service-58dc5685c9-9rqpf,ts-ui-dashboard,ts-ui-dashboard-77c9897449-dfqhg,14167,11882
fd38bc50843a7fa3,1755696826882000,1755696826882344,1755696826896511,fd38bc50843a7fa3,63c26a1d67e481b0,/preserve,/preserve,ts-ui-dashboard,ts-ui-dashboard-77c9897449-dfqhg,ts-ui-dashboard,ts-ui-dashboard-77c9897449-dfqhg,14511,14167
